feature,importance
Balance,0.17843498954253684
CreditScore,0.1755439031764007
HasCrCard,0.08531918407812339
Tenure,0.027803911692176164
EstimatedSalary,0.00427382793267157
Geography,0.00201032489168087
NumOfProducts,0.0
IsActiveMember,-0.0019701992522609844
Age,-0.009013925944114409
