feature,importance
CreditScore,0.20126562684991905
Balance,0.17298239981518435
EstimatedSalary,0.06840512626314743
HasCrCard,0.05798598552198666
Tenure,0.0437643648841076
IsActiveMember,0.0103191279134212
Geography,0.0078097539265916
Age,0.005127784368341692
NumOfProducts,0.0006583435926960535
