feature,importance
Gender,0.22324398450996172
Tenure,0.18575221229498506
NumOfProducts,0.0758248910572935
IsActiveMember,0.06040176534698116
Age,0.04289276489006218
Geography,0.01175693478397304
HasCrCard,0.0074330899959529125
EstimatedSalary,0.006667888514821807
Balance,0.003888760640113209
CreditScore,0.0024463307081617814
