feature,importance
CreditScore,0.20748892093440788
Balance,0.1757519611552008
HasCrCard,0.06820145905086064
EstimatedSalary,0.06499628530993948
Tenure,0.04483763052796119
IsActiveMember,0.008765502853922658
Age,0.006085668993363158
Geography,0.005651683063928603
NumOfProducts,0.0012992980315385204
