feature,importance
CreditScore,0.1817693310565014
Balance,0.17558224725055457
HasCrCard,0.0864427773505058
Tenure,0.032932404593252876
EstimatedSalary,0.015934485327807058
Geography,0.003171604537477446
NumOfProducts,0.0025837225479478755
IsActiveMember,-0.0010759947304673334
Age,-0.005118301357803401
