feature,importance
Gender,0.25120856386363244
Tenure,0.1763922476191642
NumOfProducts,0.10209162962572796
IsActiveMember,0.0407222068539627
Age,0.02009773619992903
Geography,0.011593792895845102
HasCrCard,0.008113315787709218
CreditScore,0.007241581378128514
EstimatedSalary,0.004703220980375145
Balance,-0.0035894511980104848
