feature,importance
CreditScore,0.2108138960317878
Balance,0.17143291813607658
HasCrCard,0.07725102547543972
EstimatedSalary,0.071919449425624
Tenure,0.044663308029508283
Age,0.011684619231973326
IsActiveMember,0.011531348261173791
Geography,0.009760167072309667
NumOfProducts,0.003081352171059737
