feature,importance
CreditScore,0.1907938918684969
Balance,0.15932388087677535
HasCrCard,0.09139112969390381
Tenure,0.03947415190981436
EstimatedSalary,0.021008057731416764
NumOfProducts,0.00028809500284650015
Age,-0.00023271046050414855
IsActiveMember,-0.0033249302415024216
Geography,-0.0036354844947292797
