feature,importance
Gender,0.2285577346635413
Tenure,0.16876038370446395
NumOfProducts,0.06969904508951677
IsActiveMember,0.05477473387661551
Age,0.04533985025920608
Geography,0.006862175244570068
HasCrCard,0.004598687447020256
Balance,0.0036231486591135286
CreditScore,0.0013867828489056988
EstimatedSalary,-0.0005365842813501942
