feature,importance
CreditScore,0.22950596164163745
Balance,0.18169318578312477
HasCrCard,0.07835809096708753
EstimatedSalary,0.06775384811659776
Tenure,0.045860649582759906
Geography,0.014944628060830278
NumOfProducts,0.010688663560863731
IsActiveMember,0.010401089897994131
Age,0.009213841220488428
