feature,importance
Gender,0.23005289745807506
Tenure,0.18668496591405964
IsActiveMember,0.06776290487263266
NumOfProducts,0.06512551065941988
Age,0.05729180429555114
Geography,0.025295216663399643
HasCrCard,0.01725558803165399
EstimatedSalary,0.015533599109346463
CreditScore,0.015273070382054166
Balance,0.0020591187622615915
