feature,importance
Gender,0.18570044714447445
Tenure,0.15756164173248224
IsActiveMember,0.0663943282581492
Age,0.058056682228235804
NumOfProducts,0.04560533762346375
Geography,0.010768692817554059
HasCrCard,0.008499037080685579
CreditScore,0.007889187418867061
EstimatedSalary,0.0019658380293979595
Balance,-0.00034001146062672126
