feature,importance
Gender,0.22622870070223655
Tenure,0.1717461983893705
NumOfProducts,0.08332559661972089
IsActiveMember,0.06844812873439916
Age,0.03644241882564059
CreditScore,0.010013039157285042
Geography,0.0072388039163627125
HasCrCard,0.006236724592833487
EstimatedSalary,0.005300843227486585
Balance,0.004053786400793591
