feature,importance
Gender,0.21299309711985465
Tenure,0.166968474086864
NumOfProducts,0.06403708809060482
IsActiveMember,0.06229375269019362
Age,0.03352005683351524
Geography,0.013662131026384495
EstimatedSalary,0.000307515765194033
Balance,0.00016414381776155284
CreditScore,-0.0019508351984718342
HasCrCard,-0.006487221978630231
