feature,importance
CreditScore,0.20659025186584984
Balance,0.1805075736793475
EstimatedSalary,0.06460789337602561
Tenure,0.04711920245380361
HasCrCard,0.0450342304830466
Geography,0.01289153815400037
IsActiveMember,0.0038082573005488785
Age,-0.003885122927518414
NumOfProducts,-0.00814670565791118
