{
    "f1": 0.592686002522068,
    "roc_auc": 0.862092173610811
}