{
    "f1": 0.5195246179966044,
    "roc_auc": 0.8352191667814634
}