{
    "f1": 0.6027060270602707,
    "f1_by_geo": {
        "France": 0.5034013605442177,
        "Germany": 0.6720430107526881,
        "Spain": 0.6258503401360543
    },
    "roc_auc": 0.868772796539597,
    "roc_auc_by_geo": {
        "France": 0.850594938830233,
        "Germany": 0.8582408632800571,
        "Spain": 0.8761011470942391
    }
}