{
    "f1": 0.5639097744360901,
    "roc_auc": 0.8322385636836496
}