{
    "f1": 0.5198358413132694,
    "roc_auc": 0.8355283975445282
}