{
    "f1": 0.5786314525810323,
    "roc_auc": 0.8492562966415569
}