{
    "f1": 0.5057471264367815,
    "roc_auc": 0.81927599009901
}