{
    "f1": 0.5056818181818182,
    "roc_auc": 0.82055899339934
}