{
    "f1": 0.5885286783042394,
    "roc_auc": 0.8588555798093604
}