{
    "f1": 0.5779467680608366,
    "roc_auc": 0.8657938645351891
}