{
    "f1": 0.6113116726835138,
    "roc_auc": 0.8600158112931207
}