{
    "f1": 0.5291828793774319,
    "roc_auc": 0.8412617492272658
}