{
    "f1": 0.6129807692307693,
    "f1_by_geo": {
        "France": 0.5180327868852459,
        "Germany": 0.6860158311345647,
        "Spain": 0.6216216216216215
    },
    "roc_auc": 0.8631439159168692,
    "roc_auc_by_geo": {
        "France": 0.8452488687782806,
        "Germany": 0.8488920560589094,
        "Spain": 0.8725098759955215
    }
}