{
    "f1": 0.6244343891402715,
    "roc_auc": 0.8587420705667731
}