{
    "f1": 0.5192307692307692,
    "roc_auc": 0.8356825928109848
}