{
    "f1": 0.5688073394495413,
    "roc_auc": 0.8607069275362611
}