{
    "f1": 0.5907990314769975,
    "roc_auc": 0.8540308249898794
}