{
    "f1": 0.5853051058530511,
    "roc_auc": 0.8585411620999085
}