{
    "f1": 0.5100286532951289,
    "roc_auc": 0.8101877062706271
}