{
    "f1": 0.4705882352941177,
    "roc_auc": 0.8364309994864396
}