{
    "f1": 0.5926829268292683,
    "roc_auc": 0.8605904021231734
}