{
    "f1": 0.5882352941176471,
    "roc_auc": 0.8573432707730649
}