{
    "f1": 0.6007326007326007,
    "f1_by_geo": {
        "France": 0.5495207667731629,
        "Germany": 0.6575342465753425,
        "Spain": 0.5673758865248227
    },
    "roc_auc": 0.8612302873657322,
    "roc_auc_by_geo": {
        "France": 0.843127678421796,
        "Germany": 0.8464601219360457,
        "Spain": 0.8722563745062002
    }
}