{
    "f1": 0.58712715855573,
    "roc_auc": 0.8585973262650205
}