{
    "f1": 0.5413929040735874,
    "roc_auc": 0.8481201738639526
}