{
    "f1": 0.538562091503268,
    "roc_auc": 0.8473577360317672
}