{
    "f1": 0.587641866330391,
    "f1_by_geo": {
        "France": 0.5,
        "Germany": 0.6610169491525424,
        "Spain": 0.5850340136054422
    },
    "roc_auc": 0.8653910482364984,
    "roc_auc_by_geo": {
        "France": 0.8432856903445138,
        "Germany": 0.860701075706675,
        "Spain": 0.8756786446120371
    }
}