{
    "f1": 0.6027060270602707,
    "f1_by_geo": {
        "France": 0.5273311897106109,
        "Germany": 0.6704225352112676,
        "Spain": 0.5986394557823128
    },
    "roc_auc": 0.8683709847703294,
    "roc_auc_by_geo": {
        "France": 0.847049247049247,
        "Germany": 0.8596491228070174,
        "Spain": 0.8820901197794537
    }
}