{
    "f1": 0.5914489311163894,
    "f1_by_geo": {
        "France": 0.5110410094637224,
        "Germany": 0.6702412868632708,
        "Spain": 0.5657894736842105
    },
    "roc_auc": 0.8552312376505664,
    "roc_auc_by_geo": {
        "France": 0.8359453182982594,
        "Germany": 0.8469238861176149,
        "Spain": 0.8589475463168346
    }
}