{
    "f1": 0.5906862745098038,
    "f1_by_geo": {
        "France": 0.5032679738562091,
        "Germany": 0.6648351648351648,
        "Spain": 0.5890410958904109
    },
    "roc_auc": 0.8669530914895263,
    "roc_auc_by_geo": {
        "France": 0.8437238143120497,
        "Germany": 0.8594398633592364,
        "Spain": 0.8838329425185373
    }
}