{
    "f1": 0.6070133010882709,
    "f1_by_geo": {
        "France": 0.5286624203821656,
        "Germany": 0.6775956284153005,
        "Spain": 0.5986394557823128
    },
    "roc_auc": 0.8569660599643794,
    "roc_auc_by_geo": {
        "France": 0.8423998659292777,
        "Germany": 0.8367210741230898,
        "Spain": 0.866341339755371
    }
}