{
    "f1": 0.5926800472255017,
    "f1_by_geo": {
        "France": 0.5126582278481012,
        "Germany": 0.6509186351706037,
        "Spain": 0.6133333333333334
    },
    "roc_auc": 0.8559765984825578,
    "roc_auc_by_geo": {
        "France": 0.8411357705475353,
        "Germany": 0.8304998472971596,
        "Spain": 0.8694256078754463
    }
}