{
    "f1": 0.6100478468899522,
    "f1_by_geo": {
        "France": 0.5316455696202531,
        "Germany": 0.6666666666666666,
        "Spain": 0.6357615894039735
    },
    "roc_auc": 0.8648817518189517,
    "roc_auc_by_geo": {
        "France": 0.8464411405587877,
        "Germany": 0.8485979616998655,
        "Spain": 0.8750237657646238
    }
}