{
    "f1": 0.6102502979737783,
    "f1_by_geo": {
        "France": 0.5142857142857142,
        "Germany": 0.6881720430107526,
        "Spain": 0.6184210526315789
    },
    "roc_auc": 0.8573447675569141,
    "roc_auc_by_geo": {
        "France": 0.836314012784601,
        "Germany": 0.8508262920356985,
        "Spain": 0.8642077022202506
    }
}