{
    "f1": 0.5892018779342723,
    "f1_by_geo": {
        "France": 0.5015479876160991,
        "Germany": 0.6648793565683646,
        "Spain": 0.5897435897435896
    },
    "roc_auc": 0.8514100077248313,
    "roc_auc_by_geo": {
        "France": 0.8316167492638081,
        "Germany": 0.8430441028425351,
        "Spain": 0.8537296406616389
    }
}