{
    "f1": 0.5915841584158416,
    "f1_by_geo": {
        "France": 0.5049833887043189,
        "Germany": 0.6629834254143646,
        "Spain": 0.593103448275862
    },
    "roc_auc": 0.8672966405522501,
    "roc_auc_by_geo": {
        "France": 0.8445330268859681,
        "Germany": 0.8608537785469477,
        "Spain": 0.8816359296110864
    }
}