{
    "f1": 0.60381861575179,
    "f1_by_geo": {
        "France": 0.5256410256410257,
        "Germany": 0.6630727762803234,
        "Spain": 0.6193548387096774
    },
    "roc_auc": 0.8593056089909402,
    "roc_auc_by_geo": {
        "France": 0.8423471952883717,
        "Germany": 0.8437454047756401,
        "Spain": 0.8637851997380485
    }
}