{
    "f1": 0.6091127098321343,
    "f1_by_geo": {
        "France": 0.5222929936305732,
        "Germany": 0.6738544474393531,
        "Spain": 0.6308724832214765
    },
    "roc_auc": 0.8661816128925324,
    "roc_auc_by_geo": {
        "France": 0.8465177524001053,
        "Germany": 0.8525795468684606,
        "Spain": 0.8776221560301667
    }
}