{
    "f1": 0.587360594795539,
    "f1_by_geo": {
        "France": 0.501628664495114,
        "Germany": 0.6573816155988856,
        "Spain": 0.5957446808510638
    },
    "roc_auc": 0.8658330411826927,
    "roc_auc_by_geo": {
        "France": 0.847049247049247,
        "Germany": 0.8547739432397887,
        "Spain": 0.878108033884699
    }
}