{
    "f1": 0.6047619047619047,
    "f1_by_geo": {
        "France": 0.5333333333333333,
        "Germany": 0.6559139784946237,
        "Spain": 0.6274509803921569
    },
    "roc_auc": 0.8617064343123143,
    "roc_auc_by_geo": {
        "France": 0.8456462927051163,
        "Germany": 0.8437001594896332,
        "Spain": 0.8686228531592624
    }
}