{
    "f1": 0.6035502958579881,
    "f1_by_geo": {
        "France": 0.5266457680250783,
        "Germany": 0.6737967914438503,
        "Spain": 0.5921052631578948
    },
    "roc_auc": 0.8568163850803272,
    "roc_auc_by_geo": {
        "France": 0.8408341114223467,
        "Germany": 0.8429988575565284,
        "Spain": 0.8577645393666689
    }
}