{
    "f1": 0.594059405940594,
    "f1_by_geo": {
        "France": 0.5180327868852459,
        "Germany": 0.6574585635359116,
        "Spain": 0.5957446808510638
    },
    "roc_auc": 0.8657210361520095,
    "roc_auc_by_geo": {
        "France": 0.8486030309559721,
        "Germany": 0.8519008675783591,
        "Spain": 0.8762067727147896
    }
}